Slice,Area,Count,Counter,Max,Mean,Min,Unnamed: 0,X,Y
1,0,230,0,107,107,107,5,432.0,71.333
2,0,230,0,95,95,95,10,450.0,325.33299999999997
3,0,230,0,67,67,67,15,450.667,362.0
4,0,230,0,68,68,68,20,450.0,363.333
5,0,230,0,92,92,92,25,448.0,364.0
6,0,230,0,90,90,90,30,433.0,360.0
7,0,230,0,80,80,80,35,426.5,348.5
8,0,230,0,86,86,86,40,438.5,273.5
9,0,230,0,99,99,99,45,438.0,270.0
10,0,230,0,65,65,65,50,458.667,314.0
11,0,230,0,79,79,79,55,446.667,373.333
12,0,230,0,106,106,106,60,441.333,368.667
13,0,230,0,88,88,88,65,440.667,360.0
14,0,230,0,125,125,125,70,442.0,298.66700000000003
15,0,230,0,135,135,135,75,433.333,263.33299999999997
16,0,230,0,124,124,124,80,432.667,263.33299999999997
17,0,230,0,126,126,126,85,442.667,258.0
18,0,230,0,101,101,101,90,443.333,263.33299999999997
19,0,230,0,123,123,123,95,444.667,264.66700000000003
20,0,230,0,68,68,68,100,445.0,268.5
21,0,230,0,71,71,71,105,445.5,273.0
22,0,230,0,113,113,113,110,445.5,272.5
23,0,230,0,52,52,52,115,418.0,364.667
24,0,230,0,85,85,85,120,420.0,394.0
25,0,230,0,145,145,145,125,439.5,198.0
26,0,230,0,85,85,85,130,458.5,117.0
27,0,230,0,92,92,92,135,466.667,160.0
28,0,230,0,72,72,72,140,462.667,232.333
29,0,230,0,46,46,46,145,458.0,113.0
30,0,230,0,95,95,95,150,318.66700000000003,401.333
31,0,230,0,116,116,116,155,329.333,250.667
32,0,230,0,135,135,135,160,351.333,210.667
33,0,230,0,149,149,149,165,349.333,140.0
34,0,230,0,131,131,131,170,431.333,274.66700000000003
35,0,230,0,118,118,118,175,426.0,330.0
36,0,230,0,114,114,114,180,428.667,336.0
37,0,230,0,143,143,143,185,400.667,232.667
38,0,230,0,129,129,129,190,466.0,163.333
39,0,230,0,97,97,97,195,467.5,169.0
40,0,230,0,89,89,89,200,438.0,319.5
41,0,230,0,66,66,66,205,437.5,399.0
42,0,230,0,72,72,72,210,360.0,379.5
43,0,230,0,25,25,25,215,283.0,207.0
44,0,230,0,63,63,63,220,463.5,61.0
45,0,230,0,50,50,50,225,470.5,91.5
46,0,230,0,123,123,123,230,449.5,124.0
47,0,625,0,37,37,37,235,452.0,177.0
48,0,625,0,121,121,121,240,452.0,209.5
49,0,625,0,41,41,41,245,458.667,352.0
50,0,625,0,69,69,69,250,160.0,365.333
51,0,625,0,124,124,124,255,249.0,110.667
52,0,625,0,123,123,123,260,363.667,175.333
53,0,625,0,51,51,51,265,408.0,330.667
54,0,625,0,89,89,89,270,416.0,371.333
55,0,625,0,131,131,131,275,446.667,187.333
56,0,625,0,81,81,81,280,446.667,226.0
57,0,625,0,52,52,52,285,446.0,229.333
58,0,625,0,77,77,77,290,448.667,267.33299999999997
59,0,625,0,28,28,28,295,430.667,369.333
60,0,625,0,74,74,74,300,431.333,302.66700000000003
61,0,625,0,91,91,91,305,423.333,293.33299999999997
62,0,625,0,83,83,83,310,461.333,256.0
63,0,625,0,115,115,115,315,461.333,118.0
64,0,625,0,127,127,127,320,463.333,191.333
65,0,625,0,101,101,101,325,464.667,215.333
66,0,625,0,122,122,122,330,464.0,219.333
67,0,625,0,86,86,86,335,423.333,346.667
68,0,625,0,88,88,88,340,420.667,347.333
69,0,625,0,64,64,64,345,427.333,400.667
70,0,625,0,47,47,47,350,430.0,299.33299999999997
71,0,625,0,90,90,90,355,438.0,271.33299999999997
72,0,625,0,79,79,79,360,439.333,269.33299999999997
73,0,625,0,96,96,96,365,434.667,262.66700000000003
74,0,625,0,115,115,115,370,435.333,261.33299999999997
75,0,625,0,121,121,121,375,441.333,264.0
76,0,625,0,127,127,127,380,440.0,265.33299999999997
77,0,625,0,79,79,79,385,457.333,344.0
78,0,625,0,64,64,64,390,444.667,387.333
79,0,625,0,101,101,101,395,440.0,385.333
80,0,625,0,86,86,86,400,412.667,392.0
81,0,625,0,70,70,70,405,438.667,400.0
82,0,625,0,53,53,53,410,428.0,374.0
83,0,625,0,126,126,126,415,451.333,171.333
84,0,625,0,123,123,123,420,452.5,153.5
85,0,625,0,80,80,80,425,453.0,142.5
86,0,625,0,95,95,95,430,401.0,77.5
87,0,625,0,87,87,87,435,316.5,132.5
88,0,625,0,101,101,101,440,438.5,142.5
89,0,625,0,103,103,103,445,461.0,154.5
90,0,625,0,111,111,111,450,326.0,90.5
91,0,625,0,106,106,106,455,455.5,139.5
92,0,625,0,132,132,132,460,450.0,210.5
93,0,625,0,132,132,132,465,444.5,223.5
94,0,625,0,116,116,116,470,444.5,226.0
95,0,625,0,111,111,111,475,440.0,321.0
96,0,625,0,103,103,103,480,435.0,329.5
97,0,625,0,103,103,103,485,436.5,339.0
98,0,625,0,78,78,78,490,439.0,353.5
99,0,625,0,82,82,82,495,439.5,356.0
100,0,625,0,81,81,81,500,439.5,364.0
101,0,625,0,95,95,95,505,439.5,370.5
102,0,625,0,100,100,100,510,430.0,381.0
103,0,625,0,43,43,43,515,428.5,309.0
104,0,625,0,73,73,73,520,426.0,306.0
105,0,625,0,123,123,123,525,186.0,370.0
106,0,625,0,122,122,122,530,262.33299999999997,374.0
107,0,625,0,115,115,115,535,261.66700000000003,373.333
108,0,625,0,60,60,60,540,263.0,372.667
109,0,625,0,97,97,97,545,233.667,288.0
110,0,625,0,54,54,54,550,218.0,243.0
111,0,625,0,75,75,75,555,216.333,236.0
112,0,625,0,101,101,101,560,147.667,180.667
113,0,625,0,68,68,68,565,99.0,148.667
114,0,625,0,96,96,96,570,3.0,17.0
115,0,625,0,82,82,82,575,305.33299999999997,380.0
116,0,625,0,72,72,72,580,296.66700000000003,384.0
117,0,625,0,68,68,68,585,177.333,401.333
118,0,625,0,97,97,97,590,331.333,377.333
119,0,625,0,67,67,67,595,186.0,386.667
120,0,625,0,20,20,20,600,226.667,348.0
121,0,625,0,91,91,91,605,278.66700000000003,335.333
122,0,625,0,36,36,36,610,391.333,266.0
123,0,625,0,56,56,56,615,391.333,267.33299999999997
124,0,625,0,121,121,121,620,416.0,236.0
125,0,625,0,131,131,131,625,415.333,234.0
126,0,805,0,39,39,39,630,449.333,333.333
127,0,805,0,33,33,33,635,281.33299999999997,364.667
128,0,805,0,63,63,63,640,418.667,393.333
129,0,805,0,46,46,46,645,435.333,381.333
130,0,805,0,57,57,57,650,433.333,389.333
131,0,805,0,104,104,104,655,203.333,396.0
132,0,805,0,65,65,65,660,112.0,349.333
133,0,805,0,89,89,89,665,118.667,375.333
134,0,805,0,90,90,90,670,118.5,377.0
135,0,805,0,89,89,89,675,133.0,378.0
136,0,805,0,126,126,126,680,337.0,397.333
137,0,805,0,107,107,107,685,186.333,387.333
138,0,805,0,61,61,61,690,136.667,387.333
139,0,805,0,73,73,73,695,77.5,392.5
140,0,805,0,63,63,63,700,87.0,282.0
141,0,805,0,70,70,70,705,87.5,279.0
142,0,805,0,40,40,40,710,87.0,276.5
143,0,805,0,72,72,72,715,406.5,169.5
144,0,805,0,92,92,92,720,409.5,169.0
145,0,805,0,96,96,96,725,443.5,197.0
146,0,805,0,104,104,104,730,121.333,382.667
147,0,805,0,121,121,121,735,109.333,382.0
148,0,805,0,36,36,36,740,72.0,356.667
149,0,805,0,86,86,86,745,72.0,354.667
150,0,805,0,81,81,81,750,73.333,352.0
151,0,805,0,104,104,104,755,75.5,340.0
152,0,805,0,117,117,117,760,76.667,205.333
153,0,805,0,105,105,105,765,76.0,203.333
154,0,805,0,87,87,87,770,110.667,32.667
155,0,805,0,81,81,81,775,67.333,120.0
156,0,805,0,131,131,131,780,143.333,37.333
157,0,805,0,72,72,72,785,175.333,34.0
158,0,805,0,61,61,61,790,227.333,36.667
159,0,805,0,80,80,80,795,229.333,35.333
160,0,805,0,73,73,73,800,234.667,34.667
161,0,805,0,97,97,97,805,243.333,32.667
162,0,1089,0,45,45,45,810,344.0,35.0
163,0,1089,0,109,109,109,815,301.0,42.0
164,0,1089,0,89,89,89,820,272.0,40.0
165,0,1089,0,39,39,39,825,177.0,51.0
166,0,1089,0,69,69,69,830,111.0,255.0
167,0,1089,0,103,103,103,835,117.0,293.0
168,0,1089,0,58,58,58,840,111.0,343.0
169,0,1089,0,97,97,97,845,110.0,388.0
170,0,1089,0,78,78,78,850,116.0,390.0
171,0,1089,0,79,79,79,855,122.0,361.0
172,0,1089,0,32,32,32,860,222.0,380.0
173,0,1089,0,54,54,54,865,309.0,385.0
174,0,1089,0,118,118,118,870,224.0,383.0
175,0,1089,0,107,107,107,875,200.0,382.0
176,0,1089,0,87,87,87,880,92.0,372.0
177,0,1089,0,115,115,115,885,142.0,394.0
178,0,1089,0,113,113,113,890,112.0,392.0
179,0,1089,0,108,108,108,895,12.0,4.0
180,0,1089,0,105,105,105,900,87.0,330.0
181,0,1089,0,110,110,110,905,160.0,381.0
182,0,1089,0,60,60,60,910,240.0,361.0
183,0,1089,0,18,18,18,915,379.0,377.0
184,0,1089,0,64,64,64,920,386.0,375.0
185,0,1089,0,58,58,58,925,385.0,369.0
186,0,1089,0,38,38,38,930,427.0,360.0
187,0,1089,0,87,87,87,935,426.0,358.0
188,0,1089,0,54,54,54,940,425.0,361.0
189,0,1089,0,32,32,32,945,425.0,369.0
190,0,1089,0,79,79,79,950,358.0,382.0
191,0,1089,0,2,2,2,955,447.0,133.0
192,0,1089,0,108,108,108,960,16.0,4.0
193,0,1089,0,57,57,57,965,434.0,348.0
194,0,1089,0,42,42,42,970,456.0,162.0
195,0,1089,0,67,67,67,975,446.0,327.0
196,0,1089,0,13,13,13,980,441.0,383.0
197,0,1089,0,39,39,39,985,433.0,360.0
198,0,1089,0,77,77,77,990,453.0,106.0
199,0,1089,0,97,97,97,995,457.0,120.0
200,0,1089,0,60,60,60,1000,429.0,188.0
201,0,1089,0,78,78,78,1005,446.0,317.0
202,0,1089,0,35,35,35,1010,447.0,347.0
203,0,5,0,18,18,18,1015,433.0,331.0
204,0,10,0,108,108,108,1020,437.0,129.0
205,0,1089,0,69,69,69,1025,430.0,65.0
206,0,1089,0,103,103,103,1030,450.0,160.0
207,0,1089,0,87,87,87,1035,447.0,160.0
208,0,1089,0,86,86,86,1040,447.0,158.0
209,0,1089,0,67,67,67,1045,451.0,157.0
210,0,1089,0,73,73,73,1050,443.0,107.0
211,0,1089,0,124,124,124,1055,446.0,112.0
212,0,1089,0,113,113,113,1060,446.0,114.0
213,0,1089,0,76,76,76,1065,411.0,57.0
214,0,1089,0,60,60,60,1070,436.0,376.0
215,0,1089,0,80,80,80,1075,420.0,384.0
216,0,1089,0,49,49,49,1080,401.0,367.0
217,0,1089,0,84,84,84,1085,438.0,355.0
218,0,1089,0,97,97,97,1090,423.0,365.0
219,0,500,0,111,111,111,1095,422.667,276.33299999999997
220,0,500,0,65,65,65,1100,441.667,86.0
221,0,500,0,53,53,53,1105,441.0,56.0
222,0,500,0,28,28,28,1110,441.0,53.333
223,0,500,0,26,26,26,1115,442.333,51.333
224,0,500,0,31,31,31,1120,433.0,48.667
225,0,500,0,18,18,18,1125,429.0,52.667
226,0,500,0,40,40,40,1130,447.333,327.33299999999997
227,0,500,0,35,35,35,1135,441.333,362.667
228,0,500,0,3,3,3,1140,443.333,357.333
229,0,500,0,9,9,9,1145,445.333,357.333
230,0,500,0,109,109,109,1150,427.333,235.333
231,0,500,0,67,67,67,1155,420.667,107.333
232,0,500,0,110,110,110,1160,419.333,102.667
233,0,500,0,75,75,75,1165,371.333,62.667
234,0,500,0,76,76,76,1170,318.0,59.333
235,0,500,0,60,60,60,1175,396.0,44.0
236,0,500,0,41,41,41,1180,442.0,110.0
237,0,500,0,153,153,153,1185,444.667,175.333
238,0,500,0,111,111,111,1190,428.0,221.333
239,0,500,0,53,53,53,1195,429.333,187.333
240,0,500,0,88,88,88,1200,442.0,76.667
241,0,500,0,69,69,69,1205,444.667,144.0
242,0,500,0,21,21,21,1210,454.667,70.667
243,0,500,0,1,1,1,1215,438.0,343.333
244,0,500,0,50,50,50,1220,457.333,94.0
245,0,500,0,58,58,58,1225,448.667,184.0
246,0,500,0,32,32,32,1230,440.0,320.66700000000003
247,0,500,0,39,39,39,1235,442.667,326.0
248,0,500,0,60,60,60,1240,442.0,323.33299999999997
249,0,500,0,74,74,74,1245,434.0,351.333
250,0,500,0,77,77,77,1250,438.0,374.667
251,0,500,0,60,60,60,1255,408.0,274.66700000000003
252,0,500,0,88,88,88,1260,433.333,109.333
253,0,500,0,99,99,99,1265,372.0,232.0
254,0,500,0,115,115,115,1270,376.0,244.667
255,0,500,0,74,74,74,1275,408.667,304.0
256,0,500,0,59,59,59,1280,418.667,373.333
257,0,500,0,55,55,55,1285,361.333,44.667
258,0,500,0,85,85,85,1290,144.0,82.667
259,0,500,0,72,72,72,1295,82.0,101.333
260,0,500,0,30,30,30,1300,84.667,98.667
261,0,500,0,68,68,68,1305,90.667,106.0
262,0,500,0,45,45,45,1310,91.333,106.667
263,0,500,0,57,57,57,1315,86.667,354.667
264,0,500,0,86,86,86,1320,95.333,111.333
265,0,500,0,72,72,72,1325,94.0,42.667
266,0,500,0,66,66,66,1330,294.0,37.0
267,0,500,0,92,92,92,1335,459.333,90.0
268,0,500,0,44,44,44,1340,460.0,93.333
269,0,500,0,77,77,77,1345,69.0,369.0
270,0,500,0,48,48,48,1350,68.0,363.0
271,0,500,0,96,96,96,1355,72.0,362.0
272,0,500,0,69,69,69,1360,69.0,360.0
273,0,500,0,86,86,86,1365,71.0,359.0
274,0,500,0,69,69,69,1370,71.0,355.0
275,0,500,0,105,105,105,1375,74.0,351.0
276,0,500,0,97,97,97,1380,73.0,345.0
277,0,500,0,107,107,107,1385,73.0,345.0
278,0,500,0,93,93,93,1390,74.0,341.0
279,0,500,0,71,71,71,1395,73.0,337.0
280,0,500,0,83,83,83,1400,74.0,335.0
281,0,500,0,54,54,54,1405,73.333,338.0
282,0,500,0,87,87,87,1410,76.0,334.667
283,0,500,0,77,77,77,1415,75.333,334.0
284,0,500,0,97,97,97,1420,80.0,324.66700000000003
285,0,500,0,82,82,82,1425,80.667,324.0
286,0,500,0,48,48,48,1430,390.667,384.0
287,0,500,0,135,135,135,1435,432.667,138.0
288,0,500,0,52,52,52,1440,435.333,91.333
289,0,500,0,100,100,100,1445,172.0,153.0
290,0,500,0,117,117,117,1450,301.33299999999997,209.0
291,0,500,0,77,77,77,1455,130.667,247.667
292,0,500,0,105,105,105,1460,407.333,207.333
293,0,500,0,98,98,98,1465,192.667,144.667
294,0,500,0,72,72,72,1470,164.667,185.333
295,0,500,0,106,106,106,1475,246.333,372.667
296,0,500,0,126,126,126,1480,174.0,71.0
297,0,500,0,22,22,22,1485,79.0,289.0
298,0,500,0,121,121,121,1490,156.0,389.0
299,0,500,0,78,78,78,1495,145.0,98.0
300,0,500,0,16,16,16,1500,151.0,27.0
301,0,500,0,80,80,80,1505,404.0,52.0
302,0,500,0,124,124,124,1510,176.0,169.0
303,0,500,0,90,90,90,1515,100.0,236.0
304,0,500,0,85,85,85,1520,95.0,301.0
305,0,500,0,11,11,11,1525,118.0,357.0
306,0,500,0,11,11,11,1530,123.0,362.0
307,0,500,0,125,125,125,1535,292.0,247.0
308,0,500,0,62,62,62,1540,82.0,113.0
309,0,500,0,75,75,75,1545,312.0,396.0
310,0,500,0,86,86,86,1550,353.0,340.0
311,0,500,0,108,108,108,1555,228.0,311.0
312,0,500,0,101,101,101,1560,393.0,334.0
313,0,500,0,42,42,42,1565,370.0,364.0
314,0,500,0,104,104,104,1570,376.0,345.0
315,0,500,0,14,14,14,1575,384.0,320.0
316,0,500,0,79,79,79,1580,118.0,282.0
317,0,500,0,85,85,85,1585,152.0,352.0
318,0,500,0,51,51,51,1590,162.0,356.0
319,0,1075,0,110,110,110,1595,280.0,267.0
320,0,1075,0,93,93,93,1600,262.0,350.0
321,0,1075,0,94,94,94,1605,4.0,18.0
322,0,1075,0,106,106,106,1610,423.0,347.0
323,0,1075,0,100,100,100,1615,197.0,288.0
324,0,1075,0,95,95,95,1620,96.0,383.0
325,0,1075,0,59,59,59,1625,163.0,356.0
326,0,1075,0,100,100,100,1630,193.0,209.0
327,0,1075,0,104,104,104,1635,320.0,351.0
328,0,1075,0,86,86,86,1640,403.0,364.0
329,0,1075,0,99,99,99,1645,417.0,365.0
330,0,1075,0,54,54,54,1650,425.0,341.0
331,0,1075,0,103,103,103,1655,426.0,342.0
332,0,1075,0,83,83,83,1660,405.0,384.0
333,0,1075,0,102,102,102,1665,318.0,379.0
334,0,1075,0,110,110,110,1670,308.0,387.0
335,0,1075,0,33,33,33,1675,303.0,380.0
336,0,1075,0,66,66,66,1680,307.0,384.0
337,0,1075,0,103,103,103,1685,303.0,386.0
338,0,1075,0,22,22,22,1690,234.0,328.0
339,0,1075,0,96,96,96,1695,419.0,303.0
340,0,1075,0,119,119,119,1700,121.0,261.0
341,0,1075,0,50,50,50,1705,382.0,391.0
342,0,1075,0,91,91,91,1710,424.0,342.0
343,0,1075,0,123,123,123,1715,424.0,341.333
344,0,1075,0,59,59,59,1720,268.0,366.667
345,0,1075,0,68,68,68,1725,229.333,356.0
346,0,1075,0,45,45,45,1730,220.0,350.667
347,0,1075,0,96,96,96,1735,172.0,279.33299999999997
348,0,1075,0,66,66,66,1740,174.0,254.0
349,0,1075,0,39,39,39,1745,182.667,204.667
350,0,1075,0,88,88,88,1750,445.0,205.0
351,0,1075,0,51,51,51,1755,382.0,183.0
352,0,1075,0,34,34,34,1760,375.0,45.0
353,0,1075,0,22,22,22,1765,375.0,49.0
354,0,1075,0,47,47,47,1770,377.0,43.0
355,0,1075,0,40,40,40,1775,377.0,39.0
356,0,1075,0,116,116,116,1780,439.0,88.0
357,0,1075,0,111,111,111,1785,451.0,113.0
358,0,1075,0,73,73,73,1790,457.0,126.0
359,0,1075,0,105,105,105,1795,426.0,214.0
360,0,1075,0,61,61,61,1800,426.0,212.0
361,0,1075,0,116,116,116,1805,436.0,274.0
362,0,1075,0,98,98,98,1810,433.333,284.33299999999997
363,0,1075,0,98,98,98,1815,430.667,365.667
364,0,1075,0,95,95,95,1820,430.667,335.0
365,0,1075,0,111,111,111,1825,430.0,293.66700000000003
366,0,1075,0,117,117,117,1830,432.0,258.33299999999997
367,0,1075,0,88,88,88,1835,430.0,250.333
368,0,1075,0,88,88,88,1840,434.667,254.333
369,0,1075,0,116,116,116,1845,440.667,263.0
370,0,1075,0,82,82,82,1850,444.667,309.0
371,0,1075,0,100,100,100,1855,444.0,321.0
372,0,1075,0,41,41,41,1860,396.0,398.333
373,0,1075,0,92,92,92,1865,424.0,315.0
374,0,1075,0,67,67,67,1870,432.667,372.333
375,0,1075,0,59,59,59,1875,407.333,287.0
376,0,1075,0,56,56,56,1880,422.0,255.0
377,0,1075,0,80,80,80,1885,421.333,301.66700000000003
378,0,1075,0,98,98,98,1890,424.0,313.0
379,0,1075,0,80,80,80,1895,419.333,294.33299999999997
380,0,1075,0,31,31,31,1900,374.0,46.667
381,0,1075,0,60,60,60,1905,443.333,280.66700000000003
382,0,1075,0,66,66,66,1910,410.0,256.0
383,0,1075,0,97,97,97,1915,427.0,195.0
384,0,1075,0,37,37,37,1920,407.0,49.0
385,0,1075,0,52,52,52,1925,372.0,46.0
386,0,1075,0,137,137,137,1930,422.0,211.0
387,0,1075,0,68,68,68,1935,427.0,335.0
388,0,1075,0,73,73,73,1940,322.0,396.0
389,0,1075,0,75,75,75,1945,320.0,397.0
390,0,1075,0,94,94,94,1950,432.0,326.0
391,0,1075,0,85,85,85,1955,429.0,341.0
392,0,1075,0,52,52,52,1960,321.0,332.0
393,0,1075,0,112,112,112,1965,286.0,341.0
394,0,1075,0,27,27,27,1970,225.0,383.0
395,0,1075,0,71,71,71,1975,242.0,316.0
396,0,1075,0,123,123,123,1980,442.0,178.0
397,0,1075,0,59,59,59,1985,442.667,243.333
398,0,1075,0,91,91,91,1990,440.667,280.66700000000003
399,0,1075,0,79,79,79,1995,381.333,371.333
400,0,1075,0,91,91,91,2000,412.667,354.667
401,0,1075,0,87,87,87,2005,419.333,278.66700000000003
402,0,1075,0,97,97,97,2010,402.667,171.333
403,0,1075,0,96,96,96,2015,410.667,226.0
404,0,1075,0,99,99,99,2020,414.667,206.0
405,0,1075,0,119,119,119,2025,424.0,72.0
406,0,1075,0,57,57,57,2030,426.667,60.0
407,0,1075,0,132,132,132,2035,450.0,38.667
408,0,1075,0,128,128,128,2040,436.0,132.0
409,0,1075,0,94,94,94,2045,444.667,126.0
410,0,1075,0,143,143,143,2050,438.0,166.667
411,0,1075,0,119,119,119,2055,436.667,168.0
412,0,1075,0,84,84,84,2060,444.667,320.33299999999997
413,0,1075,0,92,92,92,2065,375.333,333.667
414,0,1075,0,82,82,82,2070,418.0,339.0
415,0,1075,0,49,49,49,2075,408.667,285.66700000000003
416,0,1075,0,80,80,80,2080,380.0,144.0
417,0,1075,0,87,87,87,2085,446.667,244.0
418,0,1075,0,115,115,115,2090,413.333,264.0
419,0,1075,0,10,10,10,2095,414.667,392.667
420,0,1075,0,88,88,88,2100,13.0,13.0
421,0,1075,0,67,67,67,2105,417.0,272.0
422,0,1075,0,117,117,117,2110,450.0,222.0
423,0,1075,0,75,75,75,2115,446.0,232.0
424,0,1075,0,53,53,53,2120,440.0,283.0
425,0,1075,0,57,57,57,2125,413.0,297.0
426,0,1075,0,111,111,111,2130,463.0,74.0
427,0,1075,0,24,24,24,2135,416.0,382.0
428,0,1075,0,61,61,61,2140,419.0,352.0
429,0,1075,0,80,80,80,2145,418.0,304.0
430,0,1075,0,104,104,104,2150,427.0,274.0
431,0,1075,0,113,113,113,2155,437.0,269.0
432,0,1075,0,101,101,101,2160,434.0,320.0
433,0,1075,0,110,110,110,2165,434.0,331.0
434,0,520,0,102,102,102,2170,411.0,388.0
435,0,520,0,31,31,31,2175,410.0,388.0
436,0,520,0,54,54,54,2180,421.0,273.0
437,0,520,0,86,86,86,2185,420.0,271.0
438,0,520,0,126,126,126,2190,418.667,255.667
439,0,520,0,96,96,96,2195,438.0,281.66700000000003
440,0,520,0,72,72,72,2200,420.0,251.0
441,0,520,0,82,82,82,2205,418.0,161.0
442,0,520,0,90,90,90,2210,436.667,77.333
443,0,520,0,77,77,77,2215,423.333,328.667
444,0,520,0,72,72,72,2220,423.333,330.0
445,0,520,0,64,64,64,2225,416.667,368.667
446,0,520,0,54,54,54,2230,418.667,372.0
447,0,520,0,91,91,91,2235,421.333,316.66700000000003
448,0,520,0,99,99,99,2240,440.667,264.66700000000003
449,0,520,0,79,79,79,2245,439.333,314.66700000000003
450,0,520,0,62,62,62,2250,428.667,384.667
451,0,520,0,82,82,82,2255,430.0,379.333
452,0,520,0,95,95,95,2260,432.0,322.0
453,0,520,0,58,58,58,2265,447.333,233.333
454,0,520,0,113,113,113,2270,446.0,267.33299999999997
455,0,520,0,98,98,98,2275,442.0,295.33299999999997
456,0,520,0,80,80,80,2280,422.667,228.333
457,0,520,0,88,88,88,2285,422.0,223.0
458,0,520,0,110,110,110,2290,440.667,93.667
459,0,520,0,53,53,53,2295,444.5,56.0
460,0,520,0,92,92,92,2300,421.0,228.5
461,0,520,0,117,117,117,2305,423.5,209.5
462,0,520,0,94,94,94,2310,440.667,100.667
463,0,520,0,109,109,109,2315,425.333,196.667
464,0,520,0,124,124,124,2320,434.667,107.333
465,0,520,0,132,132,132,2325,435.333,96.0
466,0,520,0,86,86,86,2330,458.667,114.667
467,0,520,0,106,106,106,2335,460.0,130.667
468,0,520,0,87,87,87,2340,452.0,190.667
469,0,520,0,53,53,53,2345,430.667,172.0
470,0,520,0,123,123,123,2350,149.0,442.0
471,0,520,0,101,101,101,2355,148.0,442.0
472,0,520,0,80,80,80,2360,148.0,442.0
473,0,520,0,129,129,129,2365,151.0,442.0
474,0,520,0,118,118,118,2370,149.0,444.0
475,0,520,0,53,53,53,2375,148.0,442.0
476,0,520,0,109,109,109,2380,149.0,444.0
477,0,520,0,120,120,120,2385,151.0,441.0
478,0,520,0,43,43,43,2390,148.0,442.0
479,0,520,0,96,96,96,2395,149.0,443.0
480,0,520,0,78,78,78,2400,117.0,436.0
481,0,520,0,10,10,10,2405,3.0,312.0
482,0,520,0,75,75,75,2410,61.0,273.0
483,0,520,0,53,53,53,2415,92.0,278.0
484,0,520,0,97,97,97,2420,110.0,294.0
485,0,520,0,140,140,140,2425,111.0,293.0
486,0,520,0,73,73,73,2430,119.0,316.0
487,0,520,0,108,108,108,2435,119.333,321.0
488,0,520,0,102,102,102,2440,117.333,331.0
489,0,520,0,125,125,125,2445,118.0,337.667
490,0,520,0,114,114,114,2450,111.333,342.333
491,0,520,0,112,112,112,2455,99.333,361.0
492,0,520,0,103,103,103,2460,92.667,411.0
493,0,520,0,122,122,122,2465,130.0,419.667
494,0,520,0,112,112,112,2470,145.333,415.667
495,0,520,0,101,101,101,2475,194.0,393.667
496,0,520,0,101,101,101,2480,380.667,392.0
497,0,520,0,75,75,75,2485,382.667,390.667
498,0,520,0,76,76,76,2490,388.667,369.333
499,0,520,0,96,96,96,2495,389.333,364.0
500,0,520,0,84,84,84,2500,392.667,364.0
501,0,520,0,91,91,91,2505,396.667,364.0
502,0,520,0,125,125,125,2510,398.667,361.333
503,0,520,0,125,125,125,2515,399.333,361.333
504,0,520,0,80,80,80,2520,400.0,362.0
505,0,520,0,126,126,126,2525,402.0,359.333
506,0,520,0,91,91,91,2530,403.333,362.0
507,0,520,0,80,80,80,2535,403.333,362.667
508,0,520,0,71,71,71,2540,404.667,362.0
509,0,520,0,66,66,66,2545,404.667,359.333
510,0,520,0,85,85,85,2550,404.0,358.667
511,0,520,0,113,113,113,2555,406.0,356.667
512,0,520,0,68,68,68,2560,404.667,356.667
513,0,520,0,75,75,75,2565,404.0,353.333
514,0,520,0,105,105,105,2570,405.333,351.333
515,0,520,0,98,98,98,2575,405.333,352.0
516,0,520,0,55,55,55,2580,404.667,352.0
517,0,520,0,82,82,82,2585,405.333,352.0
518,0,520,0,53,53,53,2590,404.667,352.0
519,0,520,0,84,84,84,2595,405.333,352.667
520,0,520,0,64,64,64,2600,403.333,350.0
521,0,520,0,78,78,78,2605,403.333,349.333
522,0,520,0,107,107,107,2610,405.333,351.333
523,0,520,0,44,44,44,2615,403.333,350.0
524,0,520,0,80,80,80,2620,404.0,349.333
525,0,520,0,101,101,101,2625,406.667,348.667
526,0,520,0,62,62,62,2630,404.0,346.667
527,0,520,0,118,118,118,2635,407.333,348.0
528,0,520,0,80,80,80,2640,405.333,347.333
529,0,520,0,101,101,101,2645,406.0,348.0
530,0,520,0,84,84,84,2650,405.333,347.333
531,0,520,0,63,63,63,2655,404.667,347.333
532,0,520,0,63,63,63,2660,404.0,347.333
533,0,520,0,91,91,91,2665,405.333,347.333
534,0,520,0,108,108,108,2670,405.333,346.667
535,0,520,0,122,122,122,2675,406.0,346.667
536,0,520,0,102,102,102,2680,404.0,345.333
537,0,520,0,106,106,106,2685,404.0,346.667
538,0,835,0,113,113,113,2690,406.667,347.333
539,0,835,0,93,93,93,2695,407.333,349.333
540,0,835,0,80,80,80,2700,406.667,348.0
541,0,835,0,115,115,115,2705,408.0,348.667
542,0,835,0,115,115,115,2710,408.0,348.667
543,0,835,0,115,115,115,2715,408.0,348.667
544,0,835,0,113,113,113,2720,408.0,348.667
545,0,835,0,108,108,108,2725,408.0,348.0
546,0,835,0,102,102,102,2730,408.0,349.333
547,0,835,0,107,107,107,2735,408.0,349.333
548,0,835,0,66,66,66,2740,406.667,348.0
549,0,835,0,90,90,90,2745,406.667,346.0
550,0,835,0,98,98,98,2750,406.667,345.333
551,0,835,0,77,77,77,2755,406.0,346.667
552,0,835,0,86,86,86,2760,406.667,344.667
553,0,835,0,35,35,35,2765,404.667,344.0
554,0,835,0,107,107,107,2770,406.667,342.667
555,0,835,0,114,114,114,2775,406.0,342.0
556,0,835,0,96,96,96,2780,404.667,341.333
557,0,835,0,56,56,56,2785,403.333,342.667
558,0,835,0,76,76,76,2790,404.667,343.333
559,0,835,0,112,112,112,2795,402.667,341.333
560,0,835,0,110,110,110,2800,402.667,342.0
561,0,835,0,96,96,96,2805,400.0,340.0
562,0,835,0,115,115,115,2810,401.333,340.667
563,0,835,0,126,126,126,2815,401.333,339.333
564,0,835,0,87,87,87,2820,400.667,341.333
565,0,835,0,81,81,81,2825,396.667,342.0
566,0,835,0,95,95,95,2830,397.333,343.333
567,0,835,0,123,123,123,2835,398.0,343.333
568,0,835,0,68,68,68,2840,396.667,344.667
569,0,835,0,88,88,88,2845,396.667,344.667
570,0,835,0,113,113,113,2850,397.333,344.667
571,0,835,0,78,78,78,2855,395.333,344.0
572,0,835,0,106,106,106,2860,396.667,344.667
573,0,835,0,86,86,86,2865,393.333,346.0
574,0,835,0,39,39,39,2870,391.333,347.333
575,0,835,0,93,93,93,2875,402.667,423.333
576,0,835,0,91,91,91,2880,401.333,429.333
577,0,835,0,114,114,114,2885,398.0,454.667
578,0,835,0,94,94,94,2890,396.0,453.333
579,0,835,0,105,105,105,2895,396.667,453.333
580,0,835,0,60,60,60,2900,159.333,395.333
581,0,835,0,47,47,47,2905,332.667,382.0
582,0,835,0,97,97,97,2910,276.66700000000003,377.333
583,0,835,0,28,28,28,2915,160.0,386.0
584,0,835,0,34,34,34,2920,222.667,412.0
585,0,835,0,65,65,65,2925,35.333,90.667
586,0,835,0,71,71,71,2930,48.0,245.333
587,0,835,0,107,107,107,2935,32.0,304.0
588,0,835,0,87,87,87,2940,32.667,172.0
589,0,835,0,70,70,70,2945,32.0,182.0
590,0,835,0,93,93,93,2950,66.0,192.0
591,0,835,0,32,32,32,2955,76.667,396.0
592,0,835,0,69,69,69,2960,31.333000000000002,384.667
593,0,835,0,70,70,70,2965,34.667,411.333
594,0,835,0,54,54,54,2970,62.667,416.0
595,0,835,0,96,96,96,2975,49.333,197.0
596,0,835,0,58,58,58,2980,31.333000000000002,91.0
597,0,835,0,138,138,138,2985,60.0,182.333
598,0,835,0,60,60,60,2990,19.333,341.333
599,0,835,0,105,105,105,2995,18.0,344.667
600,0,835,0,96,96,96,3000,274.0,436.0
601,0,1835,0,78,78,78,3005,273.0,449.0
602,0,1835,0,155,155,155,3010,2.0,13.0
603,0,1835,0,128,128,128,3015,40.0,72.0
604,0,1835,0,16,16,16,3020,41.0,65.5
605,0,1835,0,38,38,38,3025,46.0,69.0
606,0,1835,0,83,83,83,3030,53.5,87.0
607,0,1835,0,81,81,81,3035,26.0,197.5
608,0,1835,0,81,81,81,3040,175.0,315.0
609,0,1835,0,39,39,39,3045,174.0,363.5
610,0,1835,0,62,62,62,3050,17.333,374.0
611,0,1835,0,80,80,80,3055,48.0,232.0
612,0,1835,0,49,49,49,3060,184.0,296.0
613,0,1835,0,91,91,91,3065,32.0,312.66700000000003
614,0,1835,0,149,149,149,3070,8.0,4.667
615,0,1835,0,96,96,96,3075,32.667,117.333
616,0,1835,0,131,131,131,3080,25.333000000000002,188.0
617,0,1835,0,90,90,90,3085,32.0,160.667
618,0,1835,0,91,91,91,3090,52.667,74.667
619,0,1835,0,31,31,31,3095,68.0,87.333
620,0,1835,0,85,85,85,3100,66.667,90.667
621,0,1835,0,132,132,132,3105,71.333,106.0
622,0,1835,0,132,132,132,3110,42.667,299.33299999999997
623,0,1835,0,78,78,78,3115,22.5,272.5
624,0,1835,0,85,85,85,3120,22.0,216.667
625,0,1835,0,118,118,118,3125,32.0,63.333
626,0,1835,0,87,87,87,3130,28.0,91.333
627,0,1835,0,59,59,59,3135,316.0,91.333
628,0,1835,0,98,98,98,3140,296.66700000000003,447.333
629,0,1835,0,85,85,85,3145,239.333,408.667
630,0,1835,0,101,101,101,3150,22.0,356.0
631,0,1835,0,47,47,47,3155,12.0,326.66700000000003
632,0,1835,0,103,103,103,3160,24.666999999999998,341.333
633,0,1835,0,106,106,106,3165,27.333000000000002,211.333
634,0,1835,0,143,143,143,3170,32.667,190.0
635,0,1835,0,139,139,139,3175,24.666999999999998,368.667
636,0,1835,0,87,87,87,3180,37.333,441.333
637,0,1835,0,63,63,63,3185,40.0,440.0
638,0,1835,0,51,51,51,3190,45.333,440.0
639,0,1835,0,48,48,48,3195,44.0,440.667
640,0,1835,0,36,36,36,3200,50.0,440.0
641,0,1835,0,17,17,17,3205,53.333,439.333
642,0,1835,0,27,27,27,3210,59.333,440.667
643,0,1835,0,66,66,66,3215,11.5,417.5
644,0,1835,0,120,120,120,3220,20.0,434.0
645,0,1835,0,1,1,1,3225,127.5,59.5
646,0,1835,0,0,0,0,3230,132.5,60.5
647,0,1835,0,0,0,0,3235,141.0,61.5
648,0,1835,0,0,0,0,3240,141.5,62.5
649,0,1835,0,0,0,0,3245,154.5,65.0
650,0,1835,0,0,0,0,3250,142.5,70.5
651,0,1835,0,0,0,0,3255,143.0,67.0
652,0,1835,0,0,0,0,3260,152.0,65.0
653,0,1835,0,0,0,0,3265,151.5,67.0
654,0,1835,0,0,0,0,3270,158.0,69.0
655,0,1835,0,3,3,3,3275,159.5,71.5
656,0,1835,0,0,0,0,3280,161.0,68.5
657,0,1835,0,2,2,2,3285,165.0,71.5
658,0,1835,0,1,1,1,3290,161.0,69.0
659,0,1835,0,1,1,1,3295,164.0,70.0
660,0,1835,0,0,0,0,3300,167.5,71.5
661,0,1835,0,0,0,0,3305,168.5,70.0
662,0,1835,0,1,1,1,3310,169.5,78.5
663,0,1835,0,73,73,73,3315,16.5,2.0
664,0,1835,0,73,73,73,3320,17.0,3.5
665,0,1835,0,75,75,75,3325,14.5,3.0
666,0,1835,0,78,78,78,3330,91.5,120.5
667,0,1835,0,39,39,39,3335,77.5,132.5
668,0,1835,0,4,4,4,3340,80.5,259.0
669,0,1835,0,90,90,90,3345,85.5,301.0
670,0,1835,0,75,75,75,3350,55.5,420.0
671,0,1835,0,73,73,73,3355,43.5,424.0
672,0,1835,0,108,108,108,3360,57.5,415.5
673,0,1835,0,97,97,97,3365,45.0,408.5
674,0,1835,0,84,84,84,3370,50.5,303.5
675,0,1835,0,10,10,10,3375,38.0,248.333
676,0,1835,0,116,116,116,3380,38.0,251.0
677,0,1835,0,70,70,70,3385,69.0,271.5
678,0,1835,0,45,45,45,3390,76.0,269.5
679,0,1835,0,63,63,63,3395,79.5,275.0
680,0,1835,0,54,54,54,3400,81.5,273.0
681,0,1835,0,77,77,77,3405,80.5,274.0
682,0,1835,0,49,49,49,3410,83.0,271.5
683,0,1835,0,83,83,83,3415,83.5,269.5
684,0,1835,0,10,10,10,3420,88.0,264.33299999999997
685,0,1835,0,19,19,19,3425,72.0,258.33299999999997
686,0,1835,0,55,55,55,3430,66.0,251.667
687,0,1835,0,69,69,69,3435,65.333,250.333
688,0,1835,0,12,12,12,3440,65.333,247.0
689,0,1835,0,68,68,68,3445,61.333,243.0
690,0,1835,0,126,126,126,3450,58.0,242.0
691,0,1835,0,97,97,97,3455,58.5,238.5
692,0,1835,0,61,61,61,3460,57.5,237.5
693,0,1835,0,124,124,124,3465,57.5,238.0
694,0,1835,0,98,98,98,3470,56.0,233.5
695,0,1835,0,47,47,47,3475,54.667,196.667
696,0,1835,0,120,120,120,3480,44.5,181.5
697,0,1835,0,81,81,81,3485,46.0,176.5
698,0,1835,0,37,37,37,3490,56.0,87.333
699,0,1835,0,83,83,83,3495,43.5,74.0
700,0,1835,0,97,97,97,3500,43.0,75.5
701,0,1835,0,66,66,66,3505,44.0,74.5
702,0,1835,0,82,82,82,3510,43.5,87.0
703,0,1835,0,94,94,94,3515,41.0,104.5
704,0,1835,0,76,76,76,3520,43.0,114.0
705,0,1835,0,109,109,109,3525,46.0,139.0
706,0,1835,0,84,84,84,3530,46.5,144.0
707,0,1835,0,111,111,111,3535,45.5,146.5
708,0,1835,0,102,102,102,3540,50.0,90.0
709,0,1835,0,105,105,105,3545,60.5,91.0
710,0,1835,0,73,73,73,3550,17.333,30.0
711,0,1835,0,50,50,50,3555,52.667,118.0
712,0,1835,0,100,100,100,3560,53.0,121.0
713,0,1835,0,82,82,82,3565,52.5,120.5
714,0,1835,0,16,16,16,3570,61.0,83.0
715,0,1835,0,14,14,14,3575,46.0,81.5
716,0,1835,0,123,123,123,3580,48.5,97.0
717,0,1835,0,113,113,113,3585,49.5,111.0
718,0,1835,0,67,67,67,3590,49.5,109.5
719,0,1835,0,21,21,21,3595,50.0,107.333
720,0,1835,0,71,71,71,3600,52.667,109.333
721,0,1835,0,48,48,48,3605,93.333,72.0
722,0,1835,0,108,108,108,3610,66.5,80.0
723,0,1835,0,89,89,89,3615,51.5,82.0
724,0,1835,0,147,147,147,3620,51.5,78.5
725,0,1835,0,80,80,80,3625,52.0,78.5
726,0,1835,0,80,80,80,3630,52.0,77.5
727,0,1835,0,82,82,82,3635,54.0,78.0
728,0,1835,0,128,128,128,3640,53.0,78.5
729,0,1835,0,106,106,106,3645,54.0,78.0
730,0,1835,0,60,60,60,3650,61.0,80.5
731,0,1835,0,106,106,106,3655,60.0,81.5
732,0,1835,0,54,54,54,3660,60.0,80.5
733,0,1835,0,55,55,55,3665,59.0,80.5
734,0,1835,0,91,91,91,3670,60.667,80.667
735,0,1835,0,114,114,114,3675,64.5,84.0
736,0,1835,0,64,64,64,3680,59.5,80.5
737,0,1835,0,152,152,152,3685,60.667,84.0
738,0,1835,0,97,97,97,3690,59.5,83.0
739,0,1835,0,92,92,92,3695,58.0,84.0
740,0,1835,0,57,57,57,3700,60.0,84.0
741,0,1835,0,64,64,64,3705,58.667,84.667
742,0,1835,0,67,67,67,3710,52.667,85.333
743,0,1835,0,120,120,120,3715,51.5,88.0
744,0,1835,0,104,104,104,3720,58.5,75.5
745,0,1835,0,118,118,118,3725,59.5,76.5
746,0,1835,0,112,112,112,3730,62.5,76.5
747,0,1835,0,81,81,81,3735,63.0,75.5
748,0,1835,0,142,142,142,3740,64.0,77.5
749,0,1835,0,104,104,104,3745,63.5,76.5
750,0,1835,0,113,113,113,3750,65.5,76.5
751,0,1835,0,126,126,126,3755,64.5,77.5
752,0,1835,0,134,134,134,3760,66.0,78.5
753,0,1835,0,64,64,64,3765,65.5,75.5
754,0,1835,0,126,126,126,3770,63.5,76.0
755,0,1835,0,124,124,124,3775,65.5,77.0
756,0,1835,0,117,117,117,3780,64.0,77.0
757,0,1835,0,125,125,125,3785,69.0,79.5
758,0,1835,0,93,93,93,3790,65.5,77.5
759,0,1835,0,140,140,140,3795,58.667,84.667
760,0,1835,0,134,134,134,3800,51.333,86.0
761,0,1835,0,80,80,80,3805,50.667,84.0
762,0,1835,0,96,96,96,3810,52.667,84.667
763,0,1835,0,48,48,48,3815,50.667,82.0
764,0,1835,0,35,35,35,3820,51.333,85.333
765,0,1835,0,95,95,95,3825,51.333,82.667
766,0,1835,0,56,56,56,3830,56.5,80.0
767,0,1835,0,121,121,121,3835,50.0,104.0
768,0,1835,0,102,102,102,3840,54.0,89.5
769,0,1835,0,106,106,106,3845,73.0,87.0
770,0,1835,0,43,43,43,3850,56.0,85.5
771,0,1835,0,113,113,113,3855,64.5,87.0
772,0,1835,0,61,61,61,3860,62.0,86.5
773,0,1835,0,87,87,87,3865,52.5,89.0
774,0,1835,0,104,104,104,3870,50.0,91.5
775,0,1835,0,71,71,71,3875,68.0,86.5
776,0,1835,0,83,83,83,3880,51.5,88.0
777,0,1835,0,22,22,22,3885,55.0,75.5
778,0,1835,0,106,106,106,3890,54.0,89.5
779,0,1835,0,74,74,74,3895,74.0,77.5
780,0,1835,0,70,70,70,3900,67.0,123.0
781,0,1835,0,0,0,0,3905,126.5,56.5
782,0,1835,0,155,155,155,3910,81.5,94.5
783,0,1835,0,21,21,21,3915,74.5,71.5
784,0,1835,0,81,81,81,3920,88.5,75.0
785,0,1835,0,72,72,72,3925,71.5,81.0
786,0,1835,0,0,0,0,3930,54.0,66.5
787,0,1835,0,104,104,104,3935,43.5,80.5
788,0,1835,0,117,117,117,3940,43.5,82.5
789,0,1835,0,84,84,84,3945,44.0,85.0
790,0,1835,0,24,24,24,3950,46.0,83.5
791,0,1835,0,29,29,29,3955,46.0,86.0
792,0,1835,0,59,59,59,3960,45.5,83.0
793,0,1835,0,1,1,1,3965,63.0,82.5
794,0,1835,0,1,1,1,3970,64.0,84.0
795,0,1835,0,89,89,89,3975,56.5,125.5
796,0,1835,0,83,83,83,3980,57.5,123.5
797,0,1835,0,76,76,76,3985,54.0,115.0
798,0,1835,0,96,96,96,3990,50.0,120.5
799,0,1835,0,49,49,49,3995,55.0,116.5
800,0,1835,0,50,50,50,4000,46.5,123.0
